Workbook

Sheet RFM_Raw
A1: CustomerId | B1: CustomerName | C1: Recency | D1: Frequency | E1: Monetary
A2: 6 | B2: Helena Holý | C2: 39 | D2: 7 | E2: 49.62
A3: 26 | B3: Richard Cunningham | C3: 261 | D3: 7 | E3: 47.62
A4: 57 | B4: Luis Rojas | C4: 434 | D4: 7 | E4: 46.62
A5: 45 | B5: Ladislav Kovács | C5: 155 | D5: 7 | E5: 45.62
A6: 46 | B6: Hugh O'Reilly | C6: 48 | D6: 7 | E6: 45.62
A7: 24 | B7: Frank Ralston | C7: 124 | D7: 7 | E7: 43.62
A8: 28 | B8: Julia Barnett | C8: 217 | D8: 7 | E8: 43.62
A9: 37 | B9: Fynn Zimmermann | C9: 202 | D9: 7 | E9: 43.62
A10: 7 | B10: Astrid Gruber | C10: 186 | D10: 7 | E10: 42.62
A11: 25 | B11: Victor Stevens | C11: 17 | D11: 7 | E11: 42.62
A12: 44 | B12: Terhi Hämäläinen | C12: 8 | D12: 7 | E12: 41.62
A13: 5 | B13: František Wichterlová | C13: 230 | D13: 7 | E13: 40.62
... A60: 59 | B60: Puja Srivastava | C60: 571 | D60: 6 | E60: 36.64

Sheet RFM_Scoring
A1: CustomerId | B1: Monetary Score | C1: Recency Score | D1: MR_Code | H1: Monetary
A2: =tbl_RFM[[#This Row],[CustomerId]] -> 6 | B2: =CEILING((RANK(RFM_Raw!E2, tbl_RFM[Monetary], 1) / COUNT(tbl_RFM[Monetary])) * 5, 1) -> 5 | C2: =CEILING((RANK(RFM_Raw!C2, tbl_RFM[Recency], 0) / COUNT(tbl_RFM[Recency])) * 5, 1) -> 5 | D2: =B2 & C2 -> 55 | E2: =_xlfn.XLOOKUP(D2, Segment_Lookup[MR_Code], Segment_Lookup[Segment]) -> Champions | H2: =RFM_Raw!E2 -> 49.62 | I2: Segment | J2: Count | K2: Column1 | M2: average spend
A3: =tbl_RFM[[#This Row],[CustomerId]] -> 26 | B3: =CEILING((RANK(RFM_Raw!E3, tbl_RFM[Monetary], 1) / COUNT(tbl_RFM[Monetary])) * 5, 1) -> 5 | C3: =CEILING((RANK(RFM_Raw!C3, tbl_RFM[Recency], 0) / COUNT(tbl_RFM[Recency])) * 5, 1) -> 2 | D3: =B3 & C3 -> 52 | E3: =_xlfn.XLOOKUP(D3, Segment_Lookup[MR_Code], Segment_Lookup[Segment]) -> Potential Loyalists | H3: =RFM_Raw!E3 -> 47.62 | I3: Champions | J3: =COUNTIF(RFM_Scoring!E:E, I3) -> 6 | K3: =ROUND(J3/SUM($J$3:$J$9), 3) -> 0.102 | M3: =AVERAGEIF(RFM_Scoring!E:E, "Champions", RFM_Scoring!H:H) -> 43.786667
A4: =tbl_RFM[[#This Row],[CustomerId]] -> 57 | B4: =CEILING((RANK(RFM_Raw!E4, tbl_RFM[Monetary], 1) / COUNT(tbl_RFM[Monetary])) * 5, 1) -> 5 | C4: =CEILING((RANK(RFM_Raw!C4, tbl_RFM[Recency], 0) / COUNT(tbl_RFM[Recency])) * 5, 1) -> 1 | D4: =B4 & C4 -> 51 | E4: =_xlfn.XLOOKUP(D4, Segment_Lookup[MR_Code], Segment_Lookup[Segment]) -> Potential Loyalists | H4: =RFM_Raw!E4 -> 46.62 | I4: Loyal Customers | J4: =COUNTIF(RFM_Scoring!E:E, I4) -> 9 | K4: =ROUND(J4/SUM($J$3:$J$9), 3) -> 0.153 | M4: =AVERAGEIF(RFM_Scoring!E:E, "Loyal Customers", RFM_Scoring!H:H) -> 41.508889
A5: =tbl_RFM[[#This Row],[CustomerId]] -> 45 | B5: =CEILING((RANK(RFM_Raw!E5, tbl_RFM[Monetary], 1) / COUNT(tbl_RFM[Monetary])) * 5, 1) -> 5 | C5: =CEILING((RANK(RFM_Raw!C5, tbl_RFM[Recency], 0) / COUNT(tbl_RFM[Recency])) * 5, 1) -> 3 | D5: =B5 & C5 -> 53 | E5: =_xlfn.XLOOKUP(D5, Segment_Lookup[MR_Code], Segment_Lookup[Segment]) -> Loyal Customers | H5: =RFM_Raw!E5 -> 45.62 | I5: Potential Loyalists | J5: =COUNTIF(RFM_Scoring!E:E, I5) -> 6 | K5: =ROUND(J5/SUM($J$3:$J$9), 3) -> 0.102 | M5: =AVERAGEIF(RFM_Scoring!E:E, "Potential Loyalists", RFM_Scoring!H:H) -> 42.453333
A6: =tbl_RFM[[#This Row],[CustomerId]] -> 46 | B6: =CEILING((RANK(RFM_Raw!E6, tbl_RFM[Monetary], 1) / COUNT(tbl_RFM[Monetary])) * 5, 1) -> 5 | C6: =CEILING((RANK(RFM_Raw!C6, tbl_RFM[Recency], 0) / COUNT(tbl_RFM[Recency])) * 5, 1) -> 5 | D6: =B6 & C6 -> 55 | E6: =_xlfn.XLOOKUP(D6, Segment_Lookup[MR_Code], Segment_Lookup[Segment]) -> Champions | H6: =RFM_Raw!E6 -> 45.62 | I6: Needs Attention | J6: =COUNTIF(RFM_Scoring!E:E, I6) -> 3 | K6: =ROUND(J6/SUM($J$3:$J$9), 3) -> 0.051 | M6: =AVERAGEIF(RFM_Scoring!E:E, "Needs Attention", RFM_Scoring!H:H) -> 39.286667
A7: =tbl_RFM[[#This Row],[CustomerId]] -> 24 | B7: =CEILING((RANK(RFM_Raw!E7, tbl_RFM[Monetary], 1) / COUNT(tbl_RFM[Monetary])) * 5, 1) -> 5 | C7: =CEILING((RANK(RFM_Raw!C7, tbl_RFM[Recency], 0) / COUNT(tbl_RFM[Recency])) * 5, 1) -> 4 | D7: =B7 & C7 -> 54 | E7: =_xlfn.XLOOKUP(D7, Segment_Lookup[MR_Code], Segment_Lookup[Segment]) -> Champions | H7: =RFM_Raw!E7 -> 43.62 | I7: At Risk | J7: =COUNTIF(RFM_Scoring!E:E, I7) -> 12 | K7: =ROUND(J7/SUM($J$3:$J$9), 3) -> 0.203 | M7: =AVERAGEIF(RFM_Scoring!E:E, "At Risk", RFM_Scoring!H:H) -> 37.62
A8: =tbl_RFM[[#This Row],[CustomerId]] -> 28 | B8: =CEILING((RANK(RFM_Raw!E8, tbl_RFM[Monetary], 1) / COUNT(tbl_RFM[Monetary])) * 5, 1) -> 5 | C8: =CEILING((RANK(RFM_Raw!C8, tbl_RFM[Recency], 0) / COUNT(tbl_RFM[Recency])) * 5, 1) -> 3 | D8: =B8 & C8 -> 53 | E8: =_xlfn.XLOOKUP(D8, Segment_Lookup[MR_Code], Segment_Lookup[Segment]) -> Loyal Customers | H8: =RFM_Raw!E8 -> 43.62 | I8: Hibernating | J8: =COUNTIF(RFM_Scoring!E:E, I8) -> 4 | K8: =ROUND(J8/SUM($J$3:$J$9), 3) -> 0.068 | M8: =AVERAGEIF(RFM_Scoring!E:E, "Hibernating", RFM_Scoring!H:H) -> 38.62
A9: =tbl_RFM[[#This Row],[CustomerId]] -> 37 | B9: =CEILING((RANK(RFM_Raw!E9, tbl_RFM[Monetary], 1) / COUNT(tbl_RFM[Monetary])) * 5, 1) -> 5 | C9: =CEILING((RANK(RFM_Raw!C9, tbl_RFM[Recency], 0) / COUNT(tbl_RFM[Recency])) * 5, 1) -> 3 | D9: =B9 & C9 -> 53 | E9: =_xlfn.XLOOKUP(D9, Segment_Lookup[MR_Code], Segment_Lookup[Segment]) -> Loyal Customers | H9: =RFM_Raw!E9 -> 43.62 | I9: Lost | J9: =COUNTIF(RFM_Scoring!E:E, I9) -> 19 | K9: =ROUND(J9/SUM($J$3:$J$9), 3) -> 0.322 | M9: =AVERAGEIF(RFM_Scoring!E:E, "Lost", RFM_Scoring!H:H) -> 37.568421
A10: =tbl_RFM[[#This Row],[CustomerId]] -> 7 | B10: =CEILING((RANK(RFM_Raw!E10, tbl_RFM[Monetary], 1) / COUNT(tbl_RFM[Monetary])) * 5, 1) -> 5 | C10: =CEILING((RANK(RFM_Raw!C10, tbl_RFM[Recency], 0) / COUNT(tbl_RFM[Recency])) * 5, 1) -> 3 | D10: =B10 & C10 -> 53 | E10: =_xlfn.XLOOKUP(D10, Segment_Lookup[MR_Code], Segment_Lookup[Segment]) -> Loyal Customers | H10: =RFM_Raw!E10 -> 42.62
A11: =tbl_RFM[[#This Row],[CustomerId]] -> 25 | B11: =CEILING((RANK(RFM_Raw!E11, tbl_RFM[Monetary], 1) / COUNT(tbl_RFM[Monetary])) * 5, 1) -> 5 | C11: =CEILING((RANK(RFM_Raw!C11, tbl_RFM[Recency], 0) / COUNT(tbl_RFM[Recency])) * 5, 1) -> 5 | D11: =B11 & C11 -> 55 | E11: =_xlfn.XLOOKUP(D11, Segment_Lookup[MR_Code], Segment_Lookup[Segment]) -> Champions | H11: =RFM_Raw!E11 -> 42.62
A12: =tbl_RFM[[#This Row],[CustomerId]] -> 44 | B12: =CEILING((RANK(RFM_Raw!E12, tbl_RFM[Monetary], 1) / COUNT(tbl_RFM[Monetary])) * 5, 1) -> 5 | C12: =CEILING((RANK(RFM_Raw!C12, tbl_RFM[Recency], 0) / COUNT(tbl_RFM[Recency])) * 5, 1) -> 5 | D12: =B12 & C12 -> 55 | E12: =_xlfn.XLOOKUP(D12, Segment_Lookup[MR_Code], Segment_Lookup[Segment]) -> Champions | H12: =RFM_Raw!E12 -> 41.62 | I12: Avg Loyal Spend | J12: =M3 -> 43.786667
A13: =tbl_RFM[[#This Row],[CustomerId]] -> 5 | B13: =CEILING((RANK(RFM_Raw!E13, tbl_RFM[Monetary], 1) / COUNT(tbl_RFM[Monetary])) * 5, 1) -> 4 | C13: =CEILING((RANK(RFM_Raw!C13, tbl_RFM[Recency], 0) / COUNT(tbl_RFM[Recency])) * 5, 1) -> 2 | D13: =B13 & C13 -> 42 | E13: =_xlfn.XLOOKUP(D13, Segment_Lookup[MR_Code], Segment_Lookup[Segment]) -> Potential Loyalists | H13: =RFM_Raw!E13 -> 40.62 | I13: Avg At Risk Spend | J13: =M7 -> 37.62
A14: =tbl_RFM[[#This Row],[CustomerId]] -> 43 | B14: =CEILING((RANK(RFM_Raw!E14, tbl_RFM[Monetary], 1) / COUNT(tbl_RFM[Monetary])) * 5, 1) -> 4 | C14: =CEILING((RANK(RFM_Raw!C14, tbl_RFM[Recency], 0) / COUNT(tbl_RFM[Recency])) * 5, 1) -> 3 | D14: =B14 & C14 -> 43 | E14: =_xlfn.XLOOKUP(D14, Segment_Lookup[MR_Code], Segment_Lookup[Segment]) -> Potential Loyalists | H14: =RFM_Raw!E14 -> 40.62 | I14: Spend Gap | J14: =M4 - M7 -> 3.8888889
A15: =tbl_RFM[[#This Row],[CustomerId]] -> 48 | B15: =CEILING((RANK(RFM_Raw!E15, tbl_RFM[Monetary], 1) / COUNT(tbl_RFM[Monetary])) * 5, 1) -> 4 | C15: =CEILING((RANK(RFM_Raw!C15, tbl_RFM[Recency], 0) / COUNT(tbl_RFM[Recency])) * 5, 1) -> 4 | D15: =B15 & C15 -> 44 | E15: =_xlfn.XLOOKUP(D15, Segment_Lookup[MR_Code], Segment_Lookup[Segment]) -> Loyal Customers | H15: =RFM_Raw!E15 -> 40.62 | I15: At Risk Count | J15: =J7 -> 12
A16: =tbl_RFM[[#This Row],[CustomerId]] -> 1 | B16: =CEILING((RANK(RFM_Raw!E16, tbl_RFM[Monetary], 1) / COUNT(tbl_RFM[Monetary])) * 5, 1) -> 4 | C16: =CEILING((RANK(RFM_Raw!C16, tbl_RFM[Recency], 0) / COUNT(tbl_RFM[Recency])) * 5, 1) -> 3 | D16: =B16 & C16 -> 43 | E16: =_xlfn.XLOOKUP(D16, Segment_Lookup[MR_Code], Segment_Lookup[Segment]) -> Potential Loyalists | H16: =RFM_Raw!E16 -> 39.62 | I16: Conversion Assumption | J16: 0.2
A17: =tbl_RFM[[#This Row],[CustomerId]] -> 3 | B17: =CEILING((RANK(RFM_Raw!E17, tbl_RFM[Monetary], 1) / COUNT(tbl_RFM[Monetary])) * 5, 1) -> 4 | C17: =CEILING((RANK(RFM_Raw!C17, tbl_RFM[Recency], 0) / COUNT(tbl_RFM[Recency])) * 5, 1) -> 4 | D17: =B17 & C17 -> 44 | E17: =_xlfn.XLOOKUP(D17, Segment_Lookup[MR_Code], Segment_Lookup[Segment]) -> Loyal Customers | H17: =RFM_Raw!E17 -> 39.62 | I17: Revenue Lift | J17: =J14 * J16 * J7 -> 9.3333333
A18: =tbl_RFM[[#This Row],[CustomerId]] -> 4 | B18: =CEILING((RANK(RFM_Raw!E18, tbl_RFM[Monetary], 1) / COUNT(tbl_RFM[Monetary])) * 5, 1) -> 4 | C18: =CEILING((RANK(RFM_Raw!C18, tbl_RFM[Recency], 0) / COUNT(tbl_RFM[Recency])) * 5, 1) -> 4 | D18: =B18 & C18 -> 44 | E18: =_xlfn.XLOOKUP(D18, Segment_Lookup[MR_Code], Segment_Lookup[Segment]) -> Loyal Customers | H18: =RFM_Raw!E18 -> 39.62
A19: =tbl_RFM[[#This Row],[CustomerId]] -> 17 | B19: =CEILING((RANK(RFM_Raw!E19, tbl_RFM[Monetary], 1) / COUNT(tbl_RFM[Monetary])) * 5, 1) -> 4 | C19: =CEILING((RANK(RFM_Raw!C19, tbl_RFM[Recency], 0) / COUNT(tbl_RFM[Recency])) * 5, 1) -> 1 | D19: =B19 & C19 -> 41 | E19: =_xlfn.XLOOKUP(D19, Segment_Lookup[MR_Code], Segment_Lookup[Segment]) -> Needs Attention | H19: =RFM_Raw!E19 -> 39.62
A20: =tbl_RFM[[#This Row],[CustomerId]] -> 20 | B20: =CEILING((RANK(RFM_Raw!E20, tbl_RFM[Monetary], 1) / COUNT(tbl_RFM[Monetary])) * 5, 1) -> 4 | C20: =CEILING((RANK(RFM_Raw!C20, tbl_RFM[Recency], 0) / COUNT(tbl_RFM[Recency])) * 5, 1) -> 5 | D20: =B20 & C20 -> 45 | E20: =_xlfn.XLOOKUP(D20, Segment_Lookup[MR_Code], Segment_Lookup[Segment]) -> Champions | H20: =RFM_Raw!E20 -> 39.62
A21: =tbl_RFM[[#This Row],[CustomerId]] -> 22 | B21: =CEILING((RANK(RFM_Raw!E21, tbl_RFM[Monetary], 1) / COUNT(tbl_RFM[Monetary])) * 5, 1) -> 4 | C21: =CEILING((RANK(RFM_Raw!C21, tbl_RFM[Recency], 0) / COUNT(tbl_RFM[Recency])) * 5, 1) -> 3 | D21: =B21 & C21 -> 43 | E21: =_xlfn.XLOOKUP(D21, Segment_Lookup[MR_Code], Segment_Lookup[Segment]) -> Potential Loyalists | H21: =RFM_Raw!E21 -> 39.62
A22: =tbl_RFM[[#This Row],[CustomerId]] -> 34 | B22: =CEILING((RANK(RFM_Raw!E22, tbl_RFM[Monetary], 1) / COUNT(tbl_RFM[Monetary])) * 5, 1) -> 4 | C22: =CEILING((RANK(RFM_Raw!C22, tbl_RFM[Recency], 0) / COUNT(tbl_RFM[Recency])) * 5, 1) -> 1 | D22: =B22 & C22 -> 41 | E22: =_xlfn.XLOOKUP(D22, Segment_Lookup[MR_Code], Segment_Lookup[Segment]) -> Needs Attention | H22: =RFM_Raw!E22 -> 39.62
A23: =tbl_RFM[[#This Row],[CustomerId]] -> 42 | B23: =CEILING((RANK(RFM_Raw!E23, tbl_RFM[Monetary], 1) / COUNT(tbl_RFM[Monetary])) * 5, 1) -> 4 | C23: =CEILING((RANK(RFM_Raw!C23, tbl_RFM[Recency], 0) / COUNT(tbl_RFM[Recency])) * 5, 1) -> 4 | D23: =B23 & C23 -> 44 | E23: =_xlfn.XLOOKUP(D23, Segment_Lookup[MR_Code], Segment_Lookup[Segment]) -> Loyal Customers | H23: =RFM_Raw!E23 -> 39.62
A24: =tbl_RFM[[#This Row],[CustomerId]] -> 15 | B24: =CEILING((RANK(RFM_Raw!E24, tbl_RFM[Monetary], 1) / COUNT(tbl_RFM[Monetary])) * 5, 1) -> 3 | C24: =CEILING((RANK(RFM_Raw!C24, tbl_RFM[Recency], 0) / COUNT(tbl_RFM[Recency])) * 5, 1) -> 2 | D24: =B24 & C24 -> 32 | E24: =_xlfn.XLOOKUP(D24, Segment_Lookup[MR_Code], Segment_Lookup[Segment]) -> Hibernating | H24: =RFM_Raw!E24 -> 38.62
A25: =tbl_RFM[[#This Row],[CustomerId]] -> 19 | B25: =CEILING((RANK(RFM_Raw!E25, tbl_RFM[Monetary], 1) / COUNT(tbl_RFM[Monetary])) * 5, 1) -> 3 | C25: =CEILING((RANK(RFM_Raw!C25, tbl_RFM[Recency], 0) / COUNT(tbl_RFM[Recency])) * 5, 1) -> 1 | D25: =B25 & C25 -> 31 | E25: =_xlfn.XLOOKUP(D25, Segment_Lookup[MR_Code], Segment_Lookup[Segment]) -> Hibernating | H25: =RFM_Raw!E25 -> 38.62
A26: =tbl_RFM[[#This Row],[CustomerId]] -> 39 | B26: =CEILING((RANK(RFM_Raw!E26, tbl_RFM[Monetary], 1) / COUNT(tbl_RFM[Monetary])) * 5, 1) -> 3 | C26: =CEILING((RANK(RFM_Raw!C26, tbl_RFM[Recency], 0) / COUNT(tbl_RFM[Recency])) * 5, 1) -> 4 | D26: =B26 & C26 -> 34 | E26: =_xlfn.XLOOKUP(D26, Segment_Lookup[MR_Code], Segment_Lookup[Segment]) -> Needs Attention | H26: =RFM_Raw!E26 -> 38.62
A27: =tbl_RFM[[#This Row],[CustomerId]] -> 40 | B27: =CEILING((RANK(RFM_Raw!E27, tbl_RFM[Monetary], 1) / COUNT(tbl_RFM[Monetary])) * 5, 1) -> 3 | C27: =CEILING((RANK(RFM_Raw!C27, tbl_RFM[Recency], 0) / COUNT(tbl_RFM[Recency])) * 5, 1) -> 1 | D27: =B27 & C27 -> 31 | E27: =_xlfn.XLOOKUP(D27, Segment_Lookup[MR_Code], Segment_Lookup[Segment]) -> Hibernating | H27: =RFM_Raw!E27 -> 38.62
A28: =tbl_RFM[[#This Row],[CustomerId]] -> 51 | B28: =CEILING((RANK(RFM_Raw!E28, tbl_RFM[Monetary], 1) / COUNT(tbl_RFM[Monetary])) * 5, 1) -> 3 | C28: =CEILING((RANK(RFM_Raw!C28, tbl_RFM[Recency], 0) / COUNT(tbl_RFM[Recency])) * 5, 1) -> 2 | D28: =B28 & C28 -> 32 | E28: =_xlfn.XLOOKUP(D28, Segment_Lookup[MR_Code], Segment_Lookup[Segment]) -> Hibernating | H28: =RFM_Raw!E28 -> 38.62
A29: =tbl_RFM[[#This Row],[CustomerId]] -> 58 | B29: =CEILING((RANK(RFM_Raw!E29, tbl_RFM[Monetary], 1) / COUNT(tbl_RFM[Monetary])) * 5, 1) -> 3 | C29: =CEILING((RANK(RFM_Raw!C29, tbl_RFM[Recency], 0) / COUNT(tbl_RFM[Recency])) * 5, 1) -> 5 | D29: =B29 & C29 -> 35 | E29: =_xlfn.XLOOKUP(D29, Segment_Lookup[MR_Code], Segment_Lookup[Segment]) -> Loyal Customers | H29: =RFM_Raw!E29 -> 38.62
... A60: =tbl_RFM[[#This Row],[CustomerId]] -> 59 | B60: =CEILING((RANK(RFM_Raw!E60, tbl_RFM[Monetary], 1) / COUNT(tbl_RFM[Monetary])) * 5, 1) -> 1 | C60: =CEILING((RANK(RFM_Raw!C60, tbl_RFM[Recency], 0) / COUNT(tbl_RFM[Recency])) * 5, 1) -> 1 | D60: =B60 & C60 -> 11 | E60: =_xlfn.XLOOKUP(D60, Segment_Lookup[MR_Code], Segment_Lookup[Segment]) -> Lost | H60: =RFM_Raw!E60 -> 36.64

Sheet Segment_Lookup
A1: MR_Code | B1: Segment | E1: MR_Code | F1: Segment
A2: 55 | B2: Champions | E2: =TEXT(A2,"0") -> 55 | F2: Champions
A3: 54 | B3: Champions | E3: =TEXT(A3,"0") -> 54 | F3: Champions
A4: 45 | B4: Champions | E4: =TEXT(A4,"0") -> 45 | F4: Champions | K4: =TEXT(G4,"0") -> 0
A5: 53 | B5: Loyal Customers | E5: =TEXT(A5,"0") -> 53 | F5: Loyal Customers | K5: =TEXT(G5,"0") -> 0
A6: 44 | B6: Loyal Customers | E6: =TEXT(A6,"0") -> 44 | F6: Loyal Customers | K6: =TEXT(G6,"0") -> 0
A7: 35 | B7: Loyal Customers | E7: =TEXT(A7,"0") -> 35 | F7: Loyal Customers | K7: =TEXT(G7,"0") -> 0
A8: 52 | B8: Potential Loyalists | E8: =TEXT(A8,"0") -> 52 | F8: Potential Loyalists | K8: =TEXT(G8,"0") -> 0
A9: 51 | B9: Potential Loyalists | E9: =TEXT(A9,"0") -> 51 | F9: Potential Loyalists | K9: =TEXT(G9,"0") -> 0
A10: 43 | B10: Potential Loyalists | E10: =TEXT(A10,"0") -> 43 | F10: Potential Loyalists | K10: =TEXT(G10,"0") -> 0
A11: 42 | B11: Potential Loyalists | E11: =TEXT(A11,"0") -> 42 | F11: Potential Loyalists | K11: =TEXT(G11,"0") -> 0
A12: 33 | B12: Needs Attention | E12: =TEXT(A12,"0") -> 33 | F12: Needs Attention | K12: =TEXT(G12,"0") -> 0
A13: 34 | B13: Needs Attention | E13: =TEXT(A13,"0") -> 34 | F13: Needs Attention | K13: =TEXT(G13,"0") -> 0
A14: 41 | B14: Needs Attention | E14: =TEXT(A14,"0") -> 41 | F14: Needs Attention | K14: =TEXT(G14,"0") -> 0
A15: 25 | B15: At Risk | E15: =TEXT(A15,"0") -> 25 | F15: At Risk | K15: =TEXT(G15,"0") -> 0
... A26: 13 | B26: Lost | E26: =TEXT(A26,"0") -> 13 | F26: Lost | K26: =TEXT(G26,"0") -> 0
K27: =TEXT(G27,"0") -> 0

Sheet KPI_Summary
A1: KPI | B1: Formula/Source
A2: Total Revenue | B2: =SUM(RFM_Raw!E:E) -> 2328.6
A3: Total Customers | B3: =COUNTA(RFM_Raw!A:A)-1 -> 59
A4: Average Customer Spend | B4: =AVERAGE(RFM_Raw!E:E) -> 39.467797
A5: Champions Count | B5: =RFM_Scoring!J3 -> 6
A6: At Risk Count | B6: =RFM_Scoring!J7 -> 12
A7: Lost Count | B7: =RFM_Scoring!J9 -> 19
A8: % of Customers At Risk or Lost | B8: =(RFM_Scoring!J7 + RFM_Scoring!J9)/59 -> 0.52542373
A9: Top Genre | B9: Rock
A10: Top Country | B10: USA
